Male,Female
Robert,Mary
James,Barbara
John,Patricia
William,Betty
Richard,Shirley
Charles,Carol
Donald,Nancy
David,Dorothy
Thomas,Margaret
Ronald,Joan
George,Joyce
Joseph,Judith
Edward,Helen
Kenneth,Sandra
Paul,Carolyn
Larry,Janet
Jerry,Elizabeth
Frank,Beverly
Gerald,Marilyn
Raymond,Donna
Michael,Ruth
Gary,Virginia
Harold,Frances
Billy,Janice
Jack,Doris
Walter,Martha
Bobby,Jean
Joe,Phyllis
Carl,Alice
Henry,Sharon
Roger,Linda
Arthur,Ann
Eugene,Lois
Willie,Norma
Ralph,Peggy
Lawrence,Gloria
Albert,Marie
Fred,Evelyn
Daniel,Rose
Wayne,Anna
Roy,Judy
Howard,Elaine
Norman,Dolores
Harry,Jane
Jimmy,Geraldine
Anthony,Carole
Louis,Annie
Peter,Catherine
Dennis,Wanda
Earl,Karen
Francis,Marlene
Don,Mildred
Marvin,Marjorie
Melvin,Sally
Ernest,Patsy
Dale,Sylvia
Leonard,Joanne
Clarence,Kathleen
Stanley,Louise
Douglas,Eleanor
Leroy,Ruby
Samuel,Loretta
Johnny,Arlene
Philip,Diane
Gene,Bonnie
Bruce,Rosalie
Bill,Sarah
Herbert,Joann
Alfred,Jacqueline
Russell,Charlotte
Frederick,Susan
Ray,Irene
Allen,Roberta
Stephen,Rita
Bernard,Delores
Jimmie,Darlene
Tommy,Gail
Gordon,Jo
Eddie,June
Lee,Juanita
Jim,Kay
Andrew,Edna
Glenn,Josephine
Theodore,Anne
Leon,Wilma
Terry,Thelma
Martin,Audrey
Patrick,Lillian
Clifford,Ellen
Edwin,Florence
Alan,Jeanette
Lloyd,Theresa
Jerome,Lorraine
Bob,Ethel
Phillip,Rosemary
Floyd,Emma
Clyde,Pauline
Alvin,Clara
Harvey,Anita
Franklin,Grace
Curtis,Yvonne
Warren,Edith
Vernon,Sue
Leo,Gladys
Jackie,Katherine
Tom,Lucille
Jesse,Julia
Herman,Laura
Lewis,Margie
Vincent,Connie
Arnold,Hazel
Charlie,Bernice
Ronnie,Eileen
Duane,Kathryn
Lester,Deanna
Gilbert,Marcia
Victor,Constance
Cecil,Marion
Allan,Annette
Keith,Esther
Glen,Willie
Calvin,Maria
Johnnie,Glenda
Roland,Sara
Benjamin,Beatrice
Jon,Eva
Milton,Bobbie
Darrell,Marian
Dean,Christine
Elmer,Maxine
Claude,Bertha
Freddie,Lillie
Rodney,Suzanne
Joel,Myrna
Leslie,Vivian
Chester,Sheila
Danny,Elsie
Jay,Georgia
Wallace,Billie
Max,Ella
Sam,Ida
Jose,Shelby
Maurice,Charlene
Manuel,Maureen
Marion,Rebecca
Hugh,Rosa
Ted,Alma
Willard,Jeanne
Steve,Pat
Wesley,Jessie
Virgil,Diana
Neil,Nellie
Tony,Mattie
Mike,Lucy
Barry,Bessie
Dan,Vera
Edgar,Agnes
Oscar,Harriet
Everett,Joy
Lonnie,Cynthia
Nicholas,Minnie
Karl,Faye
Jessie,Paula
Lowell,Emily
Dick,Rachel
Mark,Naomi
Timothy,Dixie
Sidney,Maryann
Delbert,Gwendolyn
Bennie,Rosie
Homer,Geneva
Ben,Gertrude
Wilbur,Leona
Morris,Velma
Earnest,Patty
Luther,Rosemarie
Carroll,Dora
Hubert,Cora
Benny,Carrie
Marshall,Sonja
Lynn,Caroline
Nelson,Myrtle
Lyle,Mae
Steven,Claire
Alton,Jackie
Nathaniel,Jeannette
Willis,Viola
Horace,Priscilla
Guy,Pearl
Otis,Ramona
Billie,Lula
Rudolph,Nina
Alexander,Alberta
Fredrick,Violet
Roosevelt,Eunice
Clinton,Deloris
Clifton,Verna
Wilbert,Hattie
Clayton,Lola
Stuart,Stella
Juan,Bettie
Rex,Lena
Dave,Nora
Brian,Johnnie
Matthew,Hilda
Alex,Melba
Donnie,Madeline
Doyle,Claudia
Leland,Marguerite
Carlos,Dianne
Myron,Fannie
Wendell,Gayle
Perry,Carmen
Archie,Ernestine
Loren,Susie
Oliver,Daisy
Julius,Erma
Ira,Janie
Dallas,Flora
Troy,Miriam
Bobbie,Irma
Malcolm,Sondra
Carlton,Della
Gerard,Ada
Gregory,Bette
Salvatore,Jacquelyn
Ivan,Antoinette
Merle,Iris
Buddy,Marianne
Sherman,Bettye
Junior,Myra
Nathan,Lynn
Byron,Angela
Edmund,Muriel
Pete,Colleen
Tommie,Teresa
Sylvester,Beulah
Dewey,Claudette
Sammy,Genevieve
Ervin,Regina
Jacob,Jennie
Clark,Lydia
Antonio,Mamie
Rudy,Brenda
Ross,Sherry
Laurence,Mabel
Aaron,Marcella
Ellis,Katie
Elbert,Mable
Jesus,Janis
Grady,Mona
Darrel,Laverne
Isaac,Inez
Mack,Marsha
Eldon,Eula
Teddy,Eloise
Neal,Julie
Orville,Lynne
Ramon,Nadine
Ruben,Victoria
Rufus,Sallie
Conrad,Maggie
Sheldon,Opal
Dwight,Reba
Kent,Amelia
Julian,Nelda
Noel,Valerie
Jerald,Cecilia
Pat,Henrietta
Irvin,Freda
Boyd,Veronica
Randall,Lynda
Reginald,Blanche
Owen,Lou
Wilfred,Lila
Woodrow,Sadie
Forrest,Frankie
Nick,Lorene
Felix,Cecelia
Wilson,Rosetta
Aubrey,Jimmie
Burton,Fay
Harlan,Nettie
Angelo,Ina
Garland,Gretchen
Eric,Betsy
Frankie,Rochelle
Garry,Dawn
Bert,Winifred
Loyd,Jerry
Travis,Glenna
Percy,Etta
Harley,Estelle
Sammie,Essie
Marlin,Ollie
Darryl,Lee
Darwin,Imogene
Grover,Gracie
Norbert,Olivia
Preston,Helene
Royce,Lavonne
Randolph,Sonia
Emil,Andrea
Emmett,Joanna
Irving,Dorthy
Louie,Ora
Craig,Celia
Jan,Deborah
Elwood,Beverley
Luis,Beth
Phil,Natalie
Terrence,Cheryl
Christopher,Lenora
Wade,Addie
Raul,Earlene
Pedro,Mavis
Francisco,Ruthie
Kermit,Cleo
Ned,Olga
Mario,Lela
Amos,Leola
Rodger,Gwen
Melvyn,Fern
Gale,Leah
Alfonso,Bernadine
Roberto,Iva
Stewart,Josie
Mitchell,Adele
Grant,Jewel
Laverne,Willa
Mary,Bernadette
Merlin,Vicki
Lionel,Marlys
Cornelius,Rhoda
Maynard,Bonita
Otto,Sybil
Carol,Earnestine
Tim,Amy
Lance,Pearlie
Ed,Clarice
Moses,Earline
Murray,Polly
Shirley,Isabel
Monte,Arline
Delmar,Harriett
Edmond,Lupe
Scott,Ilene
Sanford,Jewell
Ken,Saundra
Norris,Nola
Elton,Jeannine
August,Estella
Adrian,Lenore
Johnie,Yolanda
Kevin,Marva
Andy,Nell
Denis,Doreen
Cleveland,Lorna
Daryl,Molly
Freddy,Faith
Lorenzo,Elva
Charley,Ola
Dominick,Adrienne
Jonathan,Gay
Odell,Lora
Thurman,Dorothea
Wiley,Margo
Alonzo,Lottie
Irwin,Pamela
Dominic,Alicia
Millard,Cecile
Will,Elnora
Chris,Angelina
Weldon,Carla
Marcus,Arleen
Simon,Janette
Kenny,Marilynn
Roscoe,Melva
Frederic,Camille
Mickey,Francis
Van,Rena
Reuben,Effie
Harrison,Tommie
Merrill,Alta
Adam,Elinor
Shelby,Marylou
Wilburn,Robbie
Abraham,Ila
Austin,Sharron
Erwin,Goldie
Guadalupe,Lizzie
Lamar,Luella
Tyrone,Christina
Elvin,Renee
Bradley,Dona
Coy,Francine
Spencer,Cornelia
Monroe,Laurel
Carmen,Marietta
Levi,Carlene
Armando,Eddie
Jasper,James
Morton,Elvira
Nolan,May
Buford,Rosalee
Elijah,Terry
Ollie,Guadalupe
Al,Jan
Gail,Monica
Rene,Nona
Roderick,Kaye
Micheal,Neva
Adolph,Delia
Lavern,Jill
Sterling,Merle
Jeff,Rosalind
Dwayne,Virgie
Ricardo,Johanna
Terrance,Corinne
Barney,Noreen
Hector,Alyce
Jake,Shelba
Lanny,Margarita
Salvador,Mollie
Delmer,Hope
Linwood,Kathy
Cleo,Sonya
Errol,Darla
Clair,Elma
Emanuel,Toni
Wilmer,Louella
Rolland,Dollie
Elliott,Joe
Ernie,Adeline
Ward,Therese
Hollis,Denise
Winston,Eugenia
Alfredo,Corrine
Mervin,Angeline
Carrol,Olive
Emory,Penny
Gabriel,Dolly
Gerry,Stephanie
Russel,Deanne
Gus,Patti
Truman,Queen
Booker,Lilly
Hershel,Angie
Jean,Edwina
Huey,Freddie
Armand,Reva
Fredric,Rosella
Miles,Winnie
Barbara,Margery
Denny,Annabelle
Hal,Robert
Bryan,John
Vern,Millie
Clement,Avis
Basil,Frieda
Emery,Susanne
Galen,Greta
Alva,Letha
Jackson,Bennie
Jeffrey,Wilda
Winfred,Carmela
Herschel,Dale
Tomas,Nannie
Ulysses,Jannie
Arlen,Rosalyn
Vance,Odessa
Jess,Hannah
Kennith,Jenny
Wilford,Antonia
Dudley,Lily
Gayle,Meredith
Silas,Zelma
Bernie,Carmella
Connie,Amanda
Noah,Eleanore
Normand,Bobby
Arturo,Aurora
Harris,Leila
Rocco,Lucile
Ron,Roseann
Solomon,Penelope
Arden,Selma
Dewayne,Madelyn
Milford,Delois
Riley,Flossie
Fernando,Rae
Lenard,Jayne
Miguel,Callie
Ronny,Dianna
Carmine,Lorena
Elmo,Peggie
Kelly,Sandy
Olin,Claudine
Alphonso,Becky
Denver,Florine
Warner,Ladonna
Vaughn,Sophie
Gaylord,Mercedes
Kurt,Leslie
Royal,Gerry
Anton,Nita
Odis,Elouise
Dana,Freida
Everette,Retha
Jerold,Twila
Domingo,Justine
Evan,Maryanne
Freeman,Vernell
Dickie,Winona
Lyman,Ardith
Enrique,Consuelo
Terence,Corine
Blaine,Ruthann
Jerrold,Eliza
Robin,Helena
Elias,Marla
Gearld,Sharlene
Hoyt,Lessie
Luke,Ophelia
Lupe,Annetta
Saul,Madeleine
Davis,Evangeline
Jere,Jeanine
Boyce,Katharine
Emerson,Reta
Houston,Roxie
Kay,Shelva
Rodolfo,Roma
Sherwood,Belva
Alden,Isabelle
Eli,Lelia
Dalton,Lucia
Dee,Emilie
Earle,Jolene
Ernesto,Roslyn
Morgan,Bertie
Sonny,Loraine
Pasquale,Marlyn
Brent,Carroll
Seymour,Lucinda
Clay,Rowena
Graham,Toby
Claud,Darleen
Rafael,Sheryl
Vito,Dee
Andre,Elena
Betty,Allie
Bud,Gale
Burl,Jeannie
Forest,Matilda
Gilberto,Pansy
Jeremiah,Dana
Merlyn,Phoebe
Dwain,Georgie
Elroy,Madonna
Foster,Caryl
Isaiah,Lorine
Thaddeus,Treva
Alphonse,Concetta
Bradford,Celestine
Pablo,Leta
Patricia,Theodora
Carter,Carolee
Maxie,Gearldine
Roman,Zelda
Augustus,Aileen
Fletcher,Charles
Stanford,Ardis
Wilton,Clare
Alberto,Maryjane
Reynaldo,George
Chuck,Maude
Lemuel,Nan
Carey,Pearline
Dannie,Carrol
Emilio,Charlie
Rogers,Judie
Dexter,Leota
Randy,Dottie
Rayford,Ester
Arther,Delphine
Ferdinand,Ginger
Monty,Margot
Tracy,Sherrill
Augustine,William
Cary,Dorene
Christian,Jeanie
Columbus,Hester
Dorothy,Kitty
Hiram,Marjory
Ignacio,Alene
Eddy,Aline
Harland,Doretha
Major,Verla
Reed,Sammie
Barton,Vonda
Cletus,Wendy
Julio,Donnie
Kendall,Elisabeth
Orlando,Iona
Hobert,Marilee
Isiah,Syble
Olen,Ione
Santiago,Delma
Beverly,Velda
Milo,Elsa
Theron,Ima
Bennett,Esperanza
Lucius,Beryl
Anderson,Dorris
Emile,Janelle
Haywood,Celeste
Orval,Gussie
Otha,Lorelei
Jason,Minerva
Patsy,Richard
Angel,Rosanne
Cyril,Shirlee
Donovan,Trudy
King,Harriette
Nancy,Lauretta
Shelton,Leora
Arlie,Pattie
Coleman,Althea
Raleigh,Germaine
Rayburn,Oma
Rollin,Zella
Talmadge,Lynette
Ellsworth,Shirlene
Mose,Adelaide
Raymon,Nedra
Santos,Petra
Hayward,Birdie
Hermon,Edythe
Wilber,Louisa
Abel,Madge
Bryant,Felicia
Carson,Iola
Art,Julianne
Darold,Lavon
Donn,Jerrie
Elden,Libby
Harmon,Lona
Verne,Millicent
Waymon,Dian
Arlin,Hellen
Elwin,Jaunita
Israel,Margret
Ivory,Maurine
Justin,Una
Doris,Valeria
Hilton,Georgiana
Lynwood,Marianna
Newton,Alfreda
Carlo,Allene
Elliot,Aurelia
Garth,Berniece
Judson,Camilla
Marlyn,Georgianna
Mckinley,Melinda
Noble,Wilhelmina
Alvis,Elise
Bertram,Maudie
Jules,Tina
Loy,Lue
Stan,Maryellen
Andres,Nanette
Avery,Rubye
Dorsey,Elida
Felipe,Karol
Joesph,Robin
Kirk,Ursula
Lauren,Dortha
Mason,Jacquelin
Felton,Myrtis
Omer,Tillie
Ottis,Carolina
Bruno,Dorcas
Denzil,Karin
Emmitt,Leilani
Kyle,Marge
Lane,Alva
Marc,Cleta
Mathew,Isabella
Val,Marylin
Cruz,Oralia
Mac,Verda
Meredith,Charleen
Dewitt,Colette
Hans,Laurie
Lawerence,Deann
Lincoln,Lavern
Theadore,Angelita
Verlin,Patrica
Benito,Vada
Buster,Francisca
Clarance,Josefina
Cyrus,Lavada
Douglass,Merry
Garrett,Gertie
Gerold,Kate
Maxwell,Elisa
Myles,Hallie
Sydney,Jeraldine
Taylor,Juliette
Bonnie,Garnet
Eduardo,Marylyn
Kirby,Benita
Winford,Enid
Delano,Katheryn
Franklyn,Loyce
Napoleon,Manuela
Regis,Charline
Benedict,Cherry
Burt,Norene
Jennings,Roselyn
Joshua,Dessie
Joyce,Vickie
Terrell,Barbra
Alvie,Cathy
Jewel,Diann
Joan,Lettie
Reynold,Mickey
Vicente,Sidney
Arlo,Veda
Guillermo,Danielle
Kerry,Linnie
Marcel,Lucretia
Oren,Oleta
Porter,Sophia
Arlan,Vesta
Blair,Berta
Duncan,Carolann
Geoffrey,Gaynell
Murphy,Isabell
Sandy,Juliana
Alford,Karla
Bryce,Mina
Dwaine,Nila
Frances,Sydney
Glendon,Vernice
Todd,Cherie
Valentine,Yvette
Ambrose,Bobbye
Pierre,Florene
Ramiro,Georgette
Jacky,Lonnie
Lacy,Lura
Prince,Melissa
Stanton,Ofelia
Wally,Catharine
Garold,Floy
Granville,Juliet
Helen,Marina
Jordan,Marvel
Margaret,Rhea
Sebastian,Sherrie
Seth,Theda
Damon,Ava
Fidel,Crystal
Romeo,Dominga
Rosevelt,Dovie
Tex,Emogene
Theo,Marita
Donal,Merlene
Donny,Christene
Duwayne,Easter
Garfield,Mariann
Gaylon,Ouida
Humberto,Chloe
Mahlon,Elda
Merritt,Ernestina
Waldo,Janyce
Dennie,Larue
Doug,Magdalene
Glynn,Margarett
Gonzalo,Paulette
Zane,Philomena
Adolfo,Socorro
Alejandro,Willene
Curtiss,Agatha
Durwood,Alvina
Giles,Billy
Jefferson,Charmaine
Leeroy,Gaye
Lucien,Juana
Mel,Ana
Merton,Donald
Milan,Elna
Nickolas,Harlene
Quentin,Janell
Rupert,Karolyn
Walton,Lisa
Asa,Clementine
Brady,Novella
Eldridge,Vicky
Farrell,Vida
Lon,Bridget
Miller,Cecil
Rowland,Jacklyn
Santo,Kathrine
Walker,Artie
Edd,Heather
Edsel,Thomas
Fritz,Wynona
Lonny,Adela
Palmer,Darline
Rubin,Erlinda
Ismael,Gene
Melton,Jonnie
Adolphus,Joseph
Arvin,Joycelyn
Autry,Marta
Cloyd,Maxie
Cornell,Zona
Delton,Adell
Dillard,Ivy
Hugo,Lavina
Matt,Simone
Aron,Zola
Arvil,Georgene
Brooks,Jeri
Cliff,Rosita
Howell,Vergie
Lindsey,Ardella
Parker,Cathryn
Rondal,Coleen
Sherrill,Gilda
Abe,Idella
Benton,Jamie
Carleton,Lea
Colin,Margarette
Derald,Mazie
Domenic,Vonnie
Early,Alpha
Garnett,Annmarie
Gregorio,Emilia
Issac,Louann
Jarvis,Ona
Lawson,Rhonda
Bart,Augusta
Claudie,Carleen
Elvis,Carolynn
Leigh,Leatha
Nicolas,Leatrice
Wylie,Lina
Auther,Albertha
Enoch,Cordelia
Fay,Malinda
Hobart,Venita
Jewell,Willia
Jorge,Dena
Toby,Erna
Wayland,Mittie
Buck,Nova
Derrell,Cassie
Elwyn,Gayla
Haskell,Joetta
Lois,Romaine
Loyal,Twyla
Lucious,Alexandra
Norwood,Holly
Virginia,Prudence
Artis,Romona
Arvid,Earlean
Berry,Helaine
Cleve,Jeanetta
Ezra,Maryjo
Hardy,Zoe
Lucian,Cathleen
Margarito,Eldora
Newell,Evangelina
Randal,Fanny
Werner,Johnie
Williams,Letitia
Winfield,Lulu
Agustin,Maralyn
Aloysius,Mitzi
Clare,Norine
Cordell,Pearlene
Darvin,Phylis
Dion,Ronald
Dock,Shelia
Ezell,Vina
General,Aletha
Jerrell,David
Junius,Deana
Raphael,Leonora
Refugio,Lolita
Rollie,Lovie
Rosario,Magdalena
Willian,Myrtice
Abner,Carmelita
Clem,Elois
Courtney,Imelda
Eldred,Lawanda
Greg,Melvina
Ian,Roxanne
Obie,Shari
Ora,Blanch
Orin,Era
Reid,Lyla
Ruby,Marolyn
Sherwin,Noel
Verl,Rachael
Webster,Roseanne
Audrey,Verlene
Bertrand,Zora
Dayton,Billye
Hazel,Debra
Jame,Estela
Joaquin,Eve
Jonas,Evon
Leamon,Hortense
Antone,Leanna
Eloy,Rubie
Elzie,Susanna
Herb,Bernita
Marty,Carma
Mitchel,Hortencia
Rolf,Lidia
Verlon,Neoma
Albin,Raquel
Dorman,Rosario
Duke,Serena
Ennis,Corene
Evert,Eleanora
Jared,Eloisa
Lindsay,Ethelyn
Mariano,Evonne
Otho,Georgina
Robbie,Ira
Sharon,Janine
Chauncey,Joye
Dell,Karlene
Dempsey,Michael
Elmore,Nancie
Emmanuel,Ronda
Harlen,Audry
Harrell,Edward
Lafayette,Katy
Sandra,Laverna
Stephan,Ronnie
Thad,Abbie
Windell,Annamae
Ardell,Arletta
Elizabeth,Jeane
Ezekiel,Magnolia
Hershell,Rosanna
Johnson,Annis
Lamont,Bethel
Llewellyn,Elvera
Lorenza,Kathern
Pearl,Kattie
Rogelio,Leanne
Sheridan,Luann
Vester,Marilou
Aurelio,Michelle
Bernice,Shannon
Berton,Shelvia
Burdette,Velva
Del,Leone
Edison,Marylee
Gorden,Merilyn
Lorin,Mozelle
Marcelino,Tressie
Melville,Augustine
Murry,Bettylou
Ruth,Cindy
Scotty,Claudie
Arlyn,Cruz
Burnell,Delphia
Carlyle,Eartha
Casimir,Eulalia
Cleon,Henry
Danial,Mardell
Dorris,Melanie
Emmit,Michele
Judith,Armida
Lavon,Audra
Marco,Carmel
Marcos,Merna
Merl,Nella
Reggie,Ocie
Shannon,Rosia
Sol,Vernie
Artie,Alda
Elisha,Annamarie
Florian,Carolyne
Gregg,Debbie
Jamie,Glennis
Jonnie,Jennifer
Judge,Judi
June,Kenneth
Leander,Luanne
James ,Lana
Robert ,Sharyn
John ,Candace
William ,Terri
Richard ,Lauren
David ,Pam
Charles ,Kathie
Thomas ,Melody
Michael ,April
Ronald ,Teri
Larry ,Cassandra
Donald ,Laraine
Gary ,Cheri
Joseph ,Kristine
George ,Sherri
Kenneth ,Candy
Paul ,Tamara
Edward ,Tanya
Dennis ,Cheryle
Jerry ,Ingrid
Frank ,Karon
Roger ,Shelley
Raymond ,Sheri
Daniel ,Dinah
Gerald ,Suzan
Stephen ,Terrie
Walter ,Sandi
Harold ,Sharen
Douglas ,Jerri
Lawrence ,Jana
Willie ,Sherryl
Jack ,Lyn
Terry ,Nikki
Arthur ,Alana
Wayne ,Jessica
Joe ,Lynnette
Henry ,Chris
Peter ,Lesley
Carl ,Kristin
Roy ,Kerry
Jimmy ,Alexis
Billy ,Charla
Steven ,Laureen
Ralph ,Cathie
Johnny ,Alison
Anthony ,Ginny
Harry ,Jerilyn
Bruce ,Marcy
Albert ,Portia
Eugene ,Belinda
Fred ,Sheron
Alan ,Tana
Bobby ,Suellen
Howard ,Caren
Louis ,Daphne
Danny ,Patrice
Leonard ,Aleta
Philip ,Nanci
Stanley ,Candice
Ernest ,Linnea
Dale ,Tonya
Samuel ,Fran
Patrick ,Cheryll
Russell ,Rosalinda
Norman ,Christie
Bill ,Ronna
Ronnie ,Glynda
Jim ,Martina
Mike ,Tracy
Timothy ,Janey
Earl ,Mari
Mark ,Pamala
Don ,Gina
Allen ,Joellen
Francis ,Sherron
Tommy ,Heidi
Frederick ,Bonny
Melvin ,Christy
Steve ,Elayne
Marvin ,Karyl
Eddie ,Karyn
Clarence ,Kristina
Leroy ,Charolette
Barry ,Dorinda
Phillip ,Corliss
Andrew ,Danna
Lee ,Vickey
Tom ,Roxanna
Alfred ,Deirdre
Martin ,Marleen
Jeffrey ,Nicki
Ray ,Georgetta
Glenn ,Kim
Herbert ,Trina
Victor ,Geri
Gregory ,Deena
Curtis ,Janeen
Bernard ,Kathi
Clifford ,Pauletta
Gene ,Daryl
Theodore ,Leigh
Jimmie ,Marty
Lloyd ,Shelly
Jesse ,Graciela
Rodney ,Lonna
Warren ,Maribeth
Bob ,Jocelyn
Keith ,Jody
Gordon ,Laurene
Vincent ,Rona
Leon ,Cinda
Jon ,Jacque
Brian ,Meryl
Floyd ,Rosann
Leslie ,Dina
Harvey ,Pamella
Edwin ,Rene
Vernon ,Bettina
Franklin ,Lani
Alvin ,Robyn
Clyde ,Sharyl
Jerome ,Bobbi
Lewis ,Carlotta
Calvin ,Erica
Jay ,Karren
Dwight ,Mimi
Charlie ,Suzann
Dan ,Amber
Tony ,Kathlyn
Gilbert ,Leann
Lester ,Leslee
Jose ,Susann
Johnnie ,Gerri
Craig ,Jacquline
Joel ,Larry
Dean ,Louvenia
Allan ,Deidre
Duane ,Glinda
Leo ,Adelina
Benjamin ,Georgeann
Darrell ,Mickie
Jackie ,Nicole
Lonnie ,Gary
Chester ,Kathaleen
Freddie ,Katrina
Herman ,Lori
Arnold ,Kimberly
Glen ,Vanessa
Randall ,Debora
Manuel ,Joni
Nicholas ,Sheree
Cecil ,Sabrina
Eric ,Desiree
Milton ,Kristi
Ted ,Unknown
Lynn ,Kelly
Neil ,Mindy
Roland ,Tracey
Claude ,Tara
Christopher ,Roxann
Sam ,Denice
Randy ,Lorrie
Wesley ,Leticia
Dave ,Randi
Garry ,Shawn
Juan ,Debby
Wallace ,Kimberley
Donnie ,Stacey
Elmer ,Jodi
Marshall ,Lorie
Hugh ,Allison
Willard ,Jacalyn
Micheal ,Valarie
Sammy ,Kristie
Jessie ,Robbin
Oscar ,Kimberlee
Maurice ,Stacy
Alexander ,Kristy
Jonathan ,Melodie
Edgar ,Darcy
Nathaniel ,Roni
Scott ,Debrah
Virgil ,Geralyn
Marion ,Suzette
Everett ,Shauna
Sidney ,Blanca
Benny ,Lu
Earnest ,Debbra
Max ,Kris
Bennie ,Terese
Stuart ,Valorie
Tim ,Jodie
Morris ,Krista
Lyle ,Roxane
Guy ,Teena
Dick ,Silvia
Karl ,Kristen
Matthew ,Janna
Clifton ,Angelia
Carlos ,Lesa
Ben ,Maura
Kent ,Marcie
Fredrick ,Caryn
Luther ,Lauri
Otis ,Luz
Nelson ,Rebekah
Kevin ,Christi
Perry ,Sheilah
Clinton ,Megan
Gerard ,Tena
Jesus ,Randy
Ira ,Tammy
Carroll ,Alisa
Randolph ,Renae
Delbert ,Teressa
Homer ,Danette
Alex ,Rachelle
Clayton ,Abigail
Loren ,Donita
Troy ,Athena
Marc ,Erin
Hubert ,Aida
Lowell ,Lorri
Tommie ,Vikki
Horace ,Elyse
Terrence ,Bethany
Laurence ,Kari
Reginald ,Joanie
Wendell ,Mara
Antonio ,Renita
Neal ,Clarissa
Willis ,Gena
Frankie ,Tonia
Pete ,Karan
Rudolph ,Bambi
Roosevelt ,Cathrine
Byron ,Jeryl
Ruben ,Marybeth
Oliver ,Nannette
Ross ,Cara
Alton ,Danita
Chris ,Leeann
Rodger ,Christa
Ron ,Delilah
Archie ,Sherie
Mack ,Cathey
Leland ,Elissa
Truman ,Tricia
Jeff ,Lourdes
Wilbert ,Gisele
Jerald ,Marci
Ricky ,Hilary
Kenny ,Sherree
Mitchell ,Carey
Malcolm ,Kendra
Rudy ,Thea
Sherman ,Kyle
Sylvester ,Lizabeth
Wilbur ,Migdalia
Rick ,Kandy
Woodrow ,Merri
Carlton ,Debi
Jan ,Felecia
Pat ,Jann
Myron ,Caron
Nick ,Dayna
Nathan ,Milagros
Raul ,Debbi
Rex ,Juliann
Aaron ,Lindy
Julius ,Pennie
Ken ,Debroah
Dewey ,Cindi
Edmund ,Daria
Salvatore ,Lise
Teddy ,Jaye
Ramon ,Joette
Darryl ,Monique
Van ,Esmeralda
Julian ,Hollis
Isaac ,Joleen
Terrance ,Kerri
Doyle ,Lanette
Preston ,Abby
Forrest ,Susana
Roberto ,Antionette
Ivan ,Cherri
Darrel ,Francesca
Clark ,Jenifer
Ervin ,Starla
Grady ,Taryn
Ellis ,Aimee
Jacob ,Collette
Elbert ,Paige
Sammie ,Tami
Rufus ,Annemarie
Felix ,Lorinda
Junior ,Vernita
Lance ,Jannette
Mickey ,Cherrie
Wilson ,Cristina
Daryl ,Melodee
Phil ,Moira
Dallas ,Trena
Ernie ,Regenia
Wade ,Sheryll
Merle ,Traci
Owen ,Samantha
Sheldon ,Tammie
Francisco ,Kelli
Luis ,Kelley
Pedro ,Kellie
Tyrone ,Tracie
Greg ,Mia
Eldon ,Kara
Irvin ,Trisha
Jeffery ,Kirsten
Stewart ,Tammi
Andy ,Stacie
Mario ,Tiffany
Grant ,Kecia
Percy ,Shawna
Dana ,Staci
Freddy ,Bridgette
Conrad ,Misty
Orville ,Tamera
Louie ,Wendi
Bert ,Allyson
Denis ,Deneen
Guadalupe ,Erika
Royce ,Alesia
Buddy ,Angel
Harlan ,Tamra
Geoffrey ,Shellie
Boyd ,Melisa
Noel ,Zina
Garland ,Tonja
Ed ,Liza
Elliott ,Bridgett
Bradley ,Stefanie
Kerry ,Jami
Bryan ,Keri
Harley ,Latonya
Travis ,Shelli
Lionel ,Marisa
Emmett ,Whitney
Billie ,Brigitte
Robin ,Tamela
Wilfred ,Chandra
Aubrey ,Lesia
Gale ,Selena
Angelo ,Marnie
Cleveland ,Shana
Ricardo ,Tania
Marcus ,Corina
Marlin ,Courtney
Armando ,Leisa
Gerry ,Angelica
Burton ,Deidra
Denny ,Maritza
Winston ,Selina
Brent ,Dionne
Edmond ,Juli
Irving ,Adriana
Spencer ,Liz
Bobbie ,Marisol
Ronny ,Dawna
Kurt ,Maribel
Grover ,Valencia
Amos ,Noelle
Cornelius ,Latanya
Rickey ,Cari
Alfonso ,Johnna
Hector ,Gabrielle
Salvador ,Missy
Ned ,Ashley
Dwayne ,Tresa
Rene ,Sharla
Roderick ,Alecia
Chuck ,Shanna
Austin ,Ivette
Kermit ,Mandy
Terence ,Kerrie
Lanny ,Alyson
Thurman ,Jeanna
Kelly ,Karrie
Cary ,Krystal
Elijah ,Evette
Loyd ,Venus
Darwin ,Sarita
Dominick ,Loriann
Lorenzo ,Jonna
Dominic ,Tia
Moses ,Alisha
Adrian ,Machelle
Linwood ,Corinna
Roscoe ,Dedra
Harrison ,Glynis
Miguel ,Hollie
Frederic ,Kandi
Alfredo ,Anastasia
Emil ,Barb
Doug ,Beatriz
Elwood ,Dara
Arturo ,Aretha
Elton ,Chrystal
Fernando ,Kayla
Alonzo ,Brooke
Al ,Candi
Sterling ,Shiela
Norris ,Delisa
Dannie ,Renea
Barney ,Zena
Hal ,Dori
Adam ,Gigi
Kirk ,Jeana
Vance ,Trudi
Abraham ,Michell
Odell ,Miranda
August ,Stacia
Rodolfo ,Brigette
Weldon ,Maricela
Millard ,Kimberli
Galen ,Kimberlie
Lamar ,Angelique
Mary ,Tonda
Fredric ,Suzy
Norbert ,Penni
Wiley ,Tori
Carol ,Casandra
Will ,Fonda
Jasper ,Gabriela
Murray ,Edie
Emanuel ,Marni
Kim ,Deedee
Maynard ,Lesli
Merlin ,Malissa
Irwin ,Monika
Sanford ,Noemi
Bradford ,Richelle
Vaughn ,Tamie
Reuben ,Amie
Harris ,Darci
Ernesto ,Dawne
Levi ,Tangela
Simon ,Elaina
Russel ,Kimberely
Elvin ,Kendall
Otto ,Alyssa
Nolan ,Barbie
Ollie ,Cyndi
Gregg ,Leesa
Rafael ,Shanda
Merrill ,Charisse
Carmen ,Demetria
Gilberto ,Lavonda
Jerold ,Linette
Jackson ,Meg
Gail ,Natasha
Hollis ,Mark
Jess ,Risa
Alberto ,Suzanna
Jake ,Mechelle
Coy ,Tawana
Enrique ,Brigid
Gabriel ,Kevin
Miles ,Shonda
Todd ,Yolonda
Tomas ,Adrian
Gus ,Julianna
Connie ,Adrianne
Jerrold ,Carin
Laverne ,Delinda
Dewayne ,Keli
Emory ,Latricia
Johnie ,Marissa
Kennith ,Deeann
Andre ,Gia
Elliot ,Justina
Charley ,Loren
Jean ,Cristine
Stan ,Fawn
Ward ,Lizette
Dudley ,Timothy
Felipe ,Anthony
Monroe ,Hillary
Stephan ,Jaime
Rolland ,Bethann
Shelby ,Jena
Denver ,Luisa
Erwin ,Shaun
Tracy ,Brandy
Delmar ,Brandi
Eddy ,Tamika
Vern ,Nichole
Lupe ,Charity
Dickie ,Latasha
Reynaldo ,Latoya
Royal ,Tasha
Shirley ,Keisha
Mac ,Nakia
Monty ,Tabitha
Christian ,Tameka
Julio ,Kenya
Thaddeus ,Casey
Winfred ,Autumn
Dexter ,Lakisha
Monte ,Meghan
Riley ,Summer
Evan ,Chasity
Ramiro ,Chastity
Armand ,Latisha
Blaine ,Mandi
Domingo ,Brandie
Alphonso ,Lara
Clement ,Tanisha
Booker ,Ebony
Noah ,Ericka
Terrell ,Terra
Carey ,Misti
Clair ,Lindsay
Rocco ,Lakeisha
Santiago ,Katina
Buford ,Jenna
Elias ,Yesenia
Kendall ,Tabatha
Bernie ,Tamiko
Jorge ,Lakesha
Wilford ,Lashonda
Hershel ,Kisha
Pablo ,Tisha
Sandy ,Anitra
Davis ,Chanda
Angel ,Aisha
Colin ,Jasmine
Eli ,Alissa
Carter ,Tera
Rogers ,Lindsey
Toby ,Tomeka
Gayle ,Catrina
Justin ,Chelsea
Randal ,Janel
Santos ,Latosha
Emery ,Ami
Major ,Brittany
Joey ,Lashawn
Lavern ,Sunshine
Errol ,Cristy
Garrett ,Latrice
Herschel ,Sunny
Marty ,Carly
Jeremiah ,Araceli
Luke ,Tomika
Solomon ,Windy
Adolph ,Kasey
Gaylord ,Carissa
Isaiah ,Carie
Jason ,Kesha
Alva ,Jason
Delano ,Christopher
Ignacio ,Cori
Wilmer ,Lacey
Duncan ,Karie
Freeman ,Luciana
Milford ,Tessa
Ulysses ,Tiffani
Abel ,Tosha
Anton ,Kami
Mcarthur ,Chantel
Theron ,Christal
Wilburn ,Karina
Donny ,Nikia
Lon ,Corey
Morgan ,Mayra
Reed ,Tawnya
Silas ,Kira
Forest ,Tanika
Linda ,Brandee
Barton ,Latonia
Earle ,Bianca
Carrol ,Buffy
Morton ,Tiana
Andres ,Tawanda
Cleo ,Lashanda
Everette ,Sharonda
Foster ,Tiffanie
Kirby ,Kristal
Lenard ,Larissa
Odis ,Danelle
Shelton ,Elisha
Alden ,Meagan
Art ,Aubrey
Bennett ,Sasha
Jefferson ,Tyra
Mervin ,Corrie
Otha ,Joey
Dalton ,Cory
Raleigh ,Christen
Donn ,Regan
Joesph ,Holli
Wally ,Kenyatta
Basil ,Lissette
Lamont ,Chiquita
Quentin ,Christin
Woody ,Alexa
Emilio ,Jayme
Lyman ,Lacy
Patricia ,Andria
Sonny ,Shalonda
Benito ,Dusty
Carson ,Cary
Clay ,Mindi
Cliff ,Toya
Houston ,Mandie
Joshua ,Trista
Anderson ,Darcie
Bryant ,Lakeshia
Delmer ,Christian
Erik ,Marisela
Reggie ,Layla
Rogelio ,Octavia
Orlando ,Dominique
Rod ,Fatima
Carmine ,Cortney
Eduardo ,Marlo
Guillermo ,Racheal
Roman ,Brenna
Vito ,Shantel
Arden ,Maya
Augustine ,Karri
Mckinley ,Kia
Elroy ,Alejandra
Fletcher ,Davina
Jacky ,Rocio
Pasquale ,Shanon
Hiram ,Syreeta
Judson ,Laquita
Mathew ,Briana
Wilton ,Joelle
Alvis ,Jamila
Augustus ,Tarsha
Cyril ,Harmony
Jeffry ,Liliana
Lincoln ,Catina
Cletus ,Brook
Drew ,Carri
Mose ,Shannan
Sydney ,Griselda
Barbara ,Kori
Alejandro ,Mellissa
Boyce ,Tawanna
Haywood ,Mendy
Milo ,Anissa
Hilton ,Niki
Rocky ,Shanta
Saul ,Daniel
Blair ,Nikita
Burl ,Shameka
Isiah ,Tamica
Ivory ,Trinity
Lonny ,Spring
Stanford ,Candida
Randell ,Carisa
Bud ,Destiny
Buster ,Nakisha
Emerson ,Bree
Israel ,Christel
Orval ,Lisette
Gearld ,Anika
Kyle ,Nikole
Emmitt ,Tamekia
Jamie ,Jada
King ,Mariah
Lane ,Nicolle
Normand ,Sofia
Arlen ,Ayanna
Avery ,Danyelle
Curt ,Lilia
Felton ,Shawnda
Glynn ,Tressa
Ismael ,Alanna
Nicky ,Susannah
Olin ,Adria
Alphonse ,Brian
Elmo ,India
Graham ,Latarsha
Javier ,Stephenie
Leigh ,Felisha
Melvyn ,Tobi
Vicente ,Natalia
Waymon ,Mellisa
Franklyn ,Shani
Hoyt ,Shantell
Jaime ,Alexandria
Jules ,Ayana
Olen ,Jade
Rayford ,Maranda
Seth ,Kirstin
Bart ,Rashida
Dennie ,Yadira
Emile ,Daniela
Michel ,Keshia
Raymon ,Rolanda
Marcel ,Alesha
Regis ,Keesha
Sandra ,Mistie
Warner ,Charissa
Columbus ,Kacey
Dwain ,Chanel
Brad ,Keely
Claud ,Nyree
Courtney ,Ryan
Harmon ,Shawanda
Lemuel ,Melonie
Lucius ,Celina
Russ ,Damaris
Sherwood ,Shamika
Bryce ,Tanesha
Coleman ,Julissa
Cornell ,Marlena
Curtiss ,Takisha
Eloy ,Angella
Hayward ,Adriane
Lynwood ,Reagan
Melton ,Angelic
Rollin ,Pepper
Taylor ,Kandice
Damon ,Cherilyn
Dewitt ,Latrina
Hardy ,Anjanette
Rickie ,Nicola
Stanton ,Demetra
Val ,Racquel
Walker ,Alina
Arlie ,Cristal
Dane ,Elvia
Edd ,Sherita
Eldridge ,Jasmin
Hobert ,Cami
Lindsey ,Eric
Mason ,Jenni
Nicolas ,Alysia
Benedict ,Cher
Burt ,Meggan
Elwin ,Shara
Lawerence ,Aaron
Reid ,Chantelle
Willian ,Caitlin
Gerold ,Brittney
Lacy ,Sheena
Mel ,Krystle
Newton ,Jillian
Bertram ,Jaclyn
Brady ,Morgan
Brooks ,Ashlee
Dorsey ,Mallory
Fidel ,Kelsey
Jeremy ,Brianna
Jordan ,Katelyn
Wardell ,Haley
Willam ,Savannah
Arlan ,Ashleigh
Dee ,Kaitlin
Harland ,Sierra
Leeroy ,Taylor
Nickolas ,Jordan
Douglass ,Britney
Gregorio ,Kaitlyn
Huey ,Chelsey
Ian ,Brianne
Myles ,Breanna
Pierre ,Hayley
Reynold ,Lyndsey
Timmy ,Meaghan
Butch ,Ariel
Cameron ,Tiara
Darold ,Brittani
Garth ,Shayla
Hugo ,Ciara
Margarito ,Marquita
Verne ,Ashlie
Adolfo ,Nadia
Arther ,Blair
Betty ,Michaela
Hermon ,Shayna
Jere ,Ashly
Lauren ,Tierra
Rupert ,Cierra
Sharon ,Tatiana
Benton ,Mackenzie
Leonardo ,Ashely
Nancy ,Cassidy
Noble ,Alaina
Raphael ,Devon
Robbie ,Fallon
Talmadge ,Raven
Winford ,Sade
Adan ,Lyndsay
Artie ,Maegan
Enoch ,Santana
Humberto ,Breanne
Issac ,Precious
Loy ,Caitlyn
Matt ,Hailey
Napoleon ,Ariana
Oren ,Karissa
Scotty ,Kassandra
Stacy ,Krystina
Cruz ,Micaela
Elden ,Chelsie
Ellsworth ,Shante
Garfield ,Kylie
Jewell ,Devin
Kenton ,Domonique
Meredith ,Kacie
Walton ,Shaina
Abe ,Tasia
Alvie ,Lacie
Bonnie ,Kyla
Bruno ,Desirae
Denzil ,Kali
Donovan ,Asia
Jennings ,Abbey
Joaquin ,Dominque
Judith ,Kristyn
Lucious ,Laci
Sal ,Bailey
Seymour ,Arielle
Trinidad ,Madison
Ashley ,Linsey
Herb ,Britni
Ike ,Matthew
Loyal ,Jesse
Lucien ,Savanna
Merlyn ,Joshua
Mitchel ,Kristian
Artis ,Brandon
Carleton ,Rhiannon
Danial ,Shanika
Darnell ,Daniella
Dell ,Princess
Duwayne ,Tarah
Lenny ,Ashli
Rolf ,Meghann
Alford ,Jazmin
Ferdinand ,Carina
Fritz ,Nicolette
Ottis ,Ciera
Susan ,Jenelle
Cedric ,Krysta
Cordell ,Kristan
Domenic ,Hanna
Ezekiel ,Lynsey
Jerrell ,Adrianna
Lafayette ,Eboni
Len ,Kassie
Merritt ,Kaylee
Omer ,Gabriella
Agustin ,Gillian
Arlin ,Siobhan
Geary ,Candis
Lawrance ,Cody
Maxie ,Roxana
Dorothy ,Giselle
Erick ,Alycia
General ,Talia
Gonzalo ,Magen
Granville ,Kirby
Karen ,Kylee
Leopoldo ,Kala
Lorenza ,Chantal
Lorin ,Tess
Marcos ,Janae
Maxwell ,Kourtney
Milan ,Stevie
Ora ,Kaci
Orrin ,Brittni
Parker ,Kati
Prince ,Mariana
Roddy ,Kayleigh
Rowland ,Britany
Shannon ,Rikki
Toney ,Andrew
Beverly ,Viviana
Blake ,Casie
Clarance ,Venessa
Delton ,Paris
Dillard ,Perla
Eliseo ,Cameron
Elmore ,Emilee
Ezra ,Jaimie
Garold ,Nathalie
Kay ,Tyler
Refugio ,Alyse
Reyes ,Reyna
Sergio ,Jesica
Theadore ,Shea
Wylie ,Tabetha
Carlo ,Cherish
Carolyn ,Deandra
Cyrus ,Danica
Dayton ,Kandace
Denton ,Ashlea
Donnell ,Brittny
Federico ,Chana
Howell ,Yasmin
Les ,Jessi
Lindsay ,Kaley
Obie ,Mckenzie
Raymundo ,Alysha
Rubin ,Justin
Sean ,Melina
Thad ,Jonathan
Thurston ,Paola
Zane ,Cheyenne
Berry ,Shavon
Delmas ,Tristan
Early ,Carley
Elvis ,Dannielle
Farrell ,Cristin
Glendon ,Jazmine
Hunter ,Maira
Judy ,Shaquita
Logan ,Shasta
Noe ,Krysten
Tex ,Kyra
Bertrand ,Latoria
Brendan ,Mai
Gaylon ,Rebeca
Gloria ,Shanita
Harrell ,Brittanie
Isidro ,Magan
Lesley ,Krystin
Lou ,Kiley
Lucky ,Brynn
Lyndon ,Katelin
Omar ,Lia
Patsy ,Stephany
Rosevelt ,Cassondra
Sherrill ,Micah
Theo ,Tyesha
Williams ,Sharita
Bernardo ,Karly
Edison ,Alena
Eusebio ,Carlie
Garey ,Nicholas
Johnson ,Aja
Jonnie ,Ali
Mahlon ,Markita
Palmer ,Violeta
Sebastian ,Stefani
Verlin ,Breann
Walt ,Kasie
Ambrose ,Shavonne
Donna ,Kacy
Elisha ,Shena
Joyce ,Jessika
Loran ,Kelsie
Terrill ,Mariel
Arvin ,Salina
Cleve ,Shira
Clint ,Iesha
Jonas ,Alexia
Leighton ,Jaqueline
Rayburn ,Kiana
Rondal ,Samatha
Clem ,Amberly
Curley ,Mikayla
Dwaine ,Makayla
Whitney ,Diamond
Allyn ,Kiara
Antone ,Deja
Darvin ,Katlyn
Derrell ,Aaliyah
Farris ,Katelynn
Gerardo ,Kennedy
Gil ,Ashlyn
Giles ,Alexus
Hans ,Alondra
Jame ,Arianna
Layton ,Jordyn
Lucian ,Dakota
Marshal ,Mckenna
Oneal ,Justice
Rollie ,Logan
Angus ,Imani
Durwood ,Riley
Jewel ,Ashton
Kip ,Kierra
Richie ,Destinee
Tyler ,Mikaela
Unknown ,Delaney
Wyman ,Genesis
Arlyn ,Aliyah
Buck ,Bria
Casey ,Brooklyn
Clarke ,Hunter
Del ,Macy
Elzie ,Harley
Leamon ,Chandler
Derrick ,Cheyanne
Shawn ,Tayler
Kelvin ,Makenzie
Derek ,Tatyana
Brett ,Bryanna
Marlon ,Kaitlynn
Dirk ,Baylee
Rory ,Skylar
Stevie ,Darian
Christophe ,Kailey
Rusty ,Breana
Shane ,Haylee
Jody ,Payton
Zachary ,Kaila
Scot ,Gianna
Corey ,Kassidy
Kris ,Tianna
Chad ,Peyton
Cory ,Shania
Davy ,Haleigh
Kimberly ,Kiersten
Ryan ,Avery
Rolando ,Kaylin
Audie ,Kiera
Mikel ,Mckayla
Jonathon ,Alexandrea
Tod ,Moriah
Rock ,Kaleigh
Trent ,Essence
Jed ,Kelsi
Rob ,Thalia
Wyatt ,Nia
Hank ,Lizbeth
Ricki ,Darby
Faron ,Kaylie
Marco ,Shanice
Shaun ,Dalia
Vince ,Cayla
Gustavo ,Lexus
Xavier ,Dallas
Efrain ,Katarina
Kurtis ,Skyler
Randel ,Alex
Brandon ,Khadijah
Robby ,Kaylyn
Wilfredo ,Paulina
Deborah ,Savanah
Bryon ,Heaven
Chip ,Ashlynn
Johnathan ,Madalyn
Stevan ,Hailee
Davey ,Yasmine
Jarvis ,Bailee
Blane ,Destini
Ritchie ,Maddison
Bret ,Karli
Carnell ,Kianna
Cesar ,Halie
Tad ,Destiney
Damian ,Katlin
Jacques ,Demi
Kit ,Karlee
Stacey ,Ellie
Dino ,Jocelyne
Duke ,Myranda
Quinton ,Skye
Alfonzo ,Karlie
Rand ,Sarai
Edwardo ,Lyric
Von ,Itzel
Keven ,Kasandra
Donell ,Montana
Dusty ,Kelsea
Rhett ,Shelbi
Layne ,Alayna
Cody ,Berenice
Debra ,Eden
Rodrick ,Carli
Carmelo ,Mikala
Kelley ,Aspen
Britt ,Fabiola
Emmanuel ,Addison
Gino ,Sydnee
Kevan ,Daisha
Darcy ,Kaelyn
Demetrius ,Makenna
Erich ,Shyanne
Skip ,Rylee
Ty ,Baby
Chauncey ,Jayla
Kraig ,Halle
Rudolfo ,Chelsi
Barrett ,Carlee
Dorian ,Dulce
Jared ,Kaela
Mitch ,Christiana
Adolphus ,Devan
Darius ,Lexi
Greggory ,Mariela
Jefferey ,Sage
Bradly ,Kailee
Brice ,Lucero
Arnulfo ,Drew
Quincy ,Shelbie
Randle ,Yessenia
Scottie ,Breonna
Levon ,Macey
Valentine ,Brielle
Cole ,Brionna
Cris ,Scarlett
Leander ,Kalyn
Lennie ,Macie
Lex ,Dasia
Aurelio ,Janessa
Davie ,Shakira
Desmond ,Allyssa
Jude ,Aleah
Dann ,Emely
Daryle ,Aubree
Gavin ,Nataly
Levern ,Alessandra
Micky ,Devyn
Porter ,Fiona
Randolf ,Bryana
Robbin ,Kallie
Theodis ,Kortney
Timmothy ,Liana
Darell ,Kaylynn
Kirt ,Lexie
Brant ,Kailyn
Dante ,Janay
Michal ,Kenia
Murphy ,Ashanti
Rosendo ,Sydni
Hosea ,Ayla
Moises ,Lauryn
Vernell ,Denisha
Esteban ,Joselyn
Heriberto ,Yasmeen
Malcom ,Katlynn
Michale ,Kayli
Jeffery,Kaycee
Darren,Jalisa
Ricky,Viridiana
Shawn,Abbigail
Sean,Kendal
Darrin,Celine
Darin,Sarina
Derrick,Eryn
Brett,Gabriel
Rick,Emerald
Erik,Malia
Brad,Hali
Derek,Karley
Kelvin,Miracle
Chad,Anjelica
Joey,Infant
Rickey,Jazmyn
Timmy,Zoey
Ryan,Chaya
Shane,Asha
Daren,Kalie
Bret,Unique
Cedric,Alysa
Jaime,Iridian
Jody,Giovanna
Kim,Laken
Stacy,Haylie
Curt,Stormy
Javier,Marley
Shaun,Sommer
Trent,Brooklynn
Scot,Patience
Corey,Alia
Stacey,Tristen
Rod,Alivia
Erick,Keanna
Cory,Kayley
Blake,Tiera
Casey,Iliana
Rob,Carson
Kip,Blake
Rusty,Cydney
Drew,Daija
Kris,Hana
Clint,Reina
Brandon,Zhane
Stevie,Celena
Vince,Katerina
Jeffry,Sydnie
Darron,Flor
Rocky,Isis
Rory,Quinn
Tracey,Yazmin
Robby,Catalina
Darnell,Leandra
Tod,Fernanda
Bryon,Mariam
Cameron,Kinsey
Gerardo,Lizeth
Devin,Salena
Zachary,Shyann
Brendan,Tatianna
Lyndon,Ricki
Dirk,Selene
Sergio,Daja
Ty,Lesly
Tyler,Annika
Rolando,Kyleigh
Demetrius,Nayeli
Rickie,Sienna
Jeremy,Valentina
Kurtis,Ciarra
Deron,Jerrica
Marlon,Maci
Daron,Kenzie
Jonathon,Corrina
Scottie,Yajaira
Tad,Astrid
Cesar,Destany
Randell,Tiarra
Dino,Nevaeh
Dane,Mya
Donnell,Serenity
Trevor,Camila
Erich,Cadence
Johnathan,Bella
Michel,Jayden
Richie,Amaya
Kraig,Aniyah
Brock,Keira
Hank,Laila
Kristopher,Camryn
Ethan,Reese
Gustavo,Jadyn
Gino,Piper
Lorne,Aniya
Russ,Kamryn
Derick,Jaden
Wilfredo,Estrella
Lisa,Eliana
Cody,Jayda
Rich,Rylie
Nicky,Tatum
Fabian,Kadence
Damian,Dayanara
Antoine,Ryleigh
Gavin,Anahi
Efrain,Ximena
Rodrick,Kaydence
Quintin,Nyla
Stefan,Janiya
Xavier,Izabella
Omar,Samara
Quinton,Madisyn
Pernell,Jimena
Keven,Litzy
Kirt,Hayden
Derwin,America
Toney,Rubi
Lenny,Amya
Darrick,Ainsley
Mitch,Madyson
Kenton,Emerson
Noe,Anya
Jacques,Jaiden
Darius,Lilian
Desmond,Janiyah
Leonardo,Teagan
Ashley,Anaya
Kennedy,Laney
Kimberly,Amari
Greggory,Liberty
Andrea,Raegan
Bradly,Madilyn
Ritchie,Jaelyn
Micah,Elle
Alec,Natalee
Jefferey,Presley
Edwardo,Tamia
Chet,Maia
Dante,Norah
Shayne,Willow
Antony,Isabela
Kelley,London
Chip,Melany
Daryn,Madelynn
Heriberto,Dayana
Darien,Skyla
Alexis,Zoie
Devon,Amara
Josh,Jaida
Kory,Lilliana
Quinn,Kimora
Mikel,Amira
Esteban,Luna
Wes,Shaniya
Stoney,Saniya
Baron,Dylan
Trenton,Jaidyn
Timmie,Arely
Timmothy,Jolie
Garret,Haven
Lesley,Cali
Robb,Hadley
Les,Kayden
Quincy,Kennedi
Raynard,Emmalee
Gil,Monserrat
Jayson,Jamya
Von,Kaya
Erin,Jazlyn
Jamey,Amani
Barron,Jaylin
Jude,Ally
Moises,Annalise
Carmelo,Ansley
Whitney,Gisselle
Layne,Jaylynn
Brant,Lainey
Bernardo,Taniya
Lars,Brisa
Leif,Annabella
Titus,Felicity
Tyron,Kaia
Andra,Maeve
Darryn,Evelin
Shon,Aliya
Karen,Campbell
Lucas,Jakayla
Collin,Aryanna
Kipp,Aylin
Donell,Amiyah
Parrish,Aria
Raymundo,Parker
Wyatt,Makena
Dusty,Ryann
Federico,Zaria
Len,Sherlyn
Trey,Joslyn
Barrett,Myah
Britt,Aracely
Randel,Giana
Regan,Aubrie
Reinaldo,Taliyah
Darryle,Aiyana
Deon,Harper
Brice,Saige
Landon,Salma
Adan,Abigayle
Trace,Addyson
Aldo,Frida
Brien,Hailie
Drake,Miah
Leonel,Rowan
Tobias,Aliza
Andreas,Kaiya
Cris,Amiya
Keenan,Xiomara
Malcom,Journey
Markus,Annabel
Christophe,Yareli
Cole,Gracelyn
Dwane,Marlee
Hunter,Jacey
Roderic,Johana
Blane,Jaycee
Darian,Jaylene
Diego,Saniyah
Faron,Arabella
Rhett,Jaliyah
Roddy,Sarahi
Alfonzo,Abril
Darry,Mikalah
Jed,Emery
Josef,Madalynn
Roel,Raina
Kendrick,Arleth
Kennth,Sanaa
Alvaro,Alize
Daryle,Yahaira
Genaro,Kaylen
Linda,Amelie
Butch,Kaylah
Darcy,Jaylee
Dario,Makaila
Deric,Kaliyah
Sal,Paloma
Chadwick,Shaylee
Cynthia,Danika
Darell,Karma
Reese,Maliyah
Renard,Yaritza
Brain,Meadow
Giovanni,Rayna
Maury,Abigale
Kieth,Aleena
Marcellus,Jaelynn
Mauricio,Kenna
Michale,Siena
Paris,Yoselin
Terance,Riya
Thor,Savana
Vinson,Aryana
Darryll,Galilea
Dorian,Iyana
Fitzgerald,Sariah
Reginal,Abagail
Edgardo,Phoenix
Lennie,Amina
Montgomery,Kya
Rodrigo,Janiah
Brenda,Keyla
Broderick,Anabelle
Constantine,Naima
Quint,Miya
Stephon,Nyasia
Woody,Charlize
Arnulfo,Joana
Franz,Jaylyn
Isidro,Jalyn
Luciano,Mira
Dustin,Nya
Jermaine,Jasmyn
Heath,Mireya
Jarrod,Taniyah
Tyson,Anneliese
Damien,Citlali
Nakia,Yuliana
Jamal,Alani
Dylan,Elliana
Kareem,Zara
Caleb,Estefania
Damion,Maleah
Colby,Jalynn
Demond,Livia
Telly,Maren
Jamison,Areli
Kristian,Jailyn
Shad,Nathaly
Jerrod,Zariah
Beau,Cloe
Jarrett,Selah
Antwan,Anais
Kenyatta,Sky
Jennifer,Karis
Rico,Kinsley
Jeromy,Shreya
Aric,Brylee
Branden,Jolette
Tory,Natalya
Zachariah,Armani
Jamel,Diya
Brendon,Jayleen
Jasen,Myla
Torrey,Anjali
Tremayne,Marin
Chance,Yuridia
Jerod,Hayleigh
Ariel,Samira
Kristofer,Dania
Arron,Valery
Benji,Denisse
Deandre,Amaris
Jamar,Averie
Ali,Finley
Nathanael,Zion
Deshawn,Belen
Jarod,Elyssa
Jeramy,Lilianna
Tavares,Iyanna
Jeremie,Leyla
Josue,Azaria
Korey,Mila
Abdul,Isla
Johnathon,Paisley
Marquis,Everly
Antione,Everleigh
Brenton,Raelynn
Rigoberto,Juniper
Donte,Remi
Jeramie,Arya
Kenyon,Freya
Cedrick,Adalynn
Osvaldo,Emersyn
Ahmad,Alaia
Jammie,Sloane
Tyree,River
Jonah,Kehlani
Nigel,Oakley
Judd,Oaklynn
Kasey,Ember
Kenya,Blakely
Giuseppe,Adalyn
Octavio,Ariella
Tobin,Wren
Chase,Khloe
Malik,Zuri
Terrill,Journee
Rashad,Gemma
Francesco,Brynlee
Dameon,Saylor
Sedrick,Kamila
Waylon,Sutton
Dax,Lilah
Jeremey,Londyn
Michelle,Kailani
Trinity,Lennon
Tristan,Milani
Garrick,Sawyer
Jarred,Adaline
Shea,Collins
Torrance,Kaylani
Kristoffer,Leia
Jayme,Harlow
Tarik,Alora
Brannon,Lilith
Jade,Evie
Taurus,Dahlia
Ari,Wrenley
Brandy,Adelyn
Chadrick,Palmer
Marques,Noa
Antwon,Winter
Brennan,Vivienne
Jevon,Esme
Lashawn,Aitana
Shanon,Evelynn
Abram,Elianna
Antonia,Rory
Dejuan,Dream
Donta,Poppy
Germaine,Cataleya
Kelsey,Shiloh
Adrain,Charlee
Brook,Maisie
Coby,Adelynn
Laron,Briella
Dedrick,Alessia
Jamil,Wynter
Demarcus,Gracelynn
Melissa,Everlee
Weston,Reign
Angela,Alayah
Dominique,Ariyah
Nathanial,Amora
Rasheed,Kalani
Amy,Leighton
Franco,Raelyn
German,Alaya
Davin,Malani
Efren,Remington
Eliseo,Raya
Dedric,Azalea
Moshe,Daleyza
Tate,Charli
Cortez,Royalty
Josiah,Nylah
Logan,Maryam
Braden,Scarlet
Hassan,Antonella
Zachery,Sylvie
Carnell,Ari
Jereme,Mylah
Che,Julieta
Damond,Avianna
Liam,Brinley
Trever,Salem
Rahsaan,Ariah
Jerad,Kora
Maria,Ailani
Vincenzo,Emory
Jered,Oaklee
Kristin,Haisley
Chaim,Katalina
Charlton,Navy
Bronson,Lorelai
Jameson,Legacy
Torrence,Yaretzi
Corry,Renata
Cristobal,Lyra
Deangelo,Paislee
Karim,Emmy
Shay,Bristol
Dereck,Elora
Sharif,Ivory
Chadd,Emelia
Christoper,Oakleigh
Leopoldo,Oaklyn
Shedrick,Kinley
Stephanie,Briar
Arnoldo,Ariya
Benjiman,Monroe
Demarco,Charleigh
Derik,Carter
Jabari,Indie
Jermain,Nalani
Kareen,Blaire
Kristen,Madilynn
Tito,Ivanna
Rebecca,Yara
Brion,Addilyn
Raheem,Braelynn
Valentin,Amirah
Dimitrios,Amalia
Paulo,Calliope
Tanner,Emerie
Tyrell,Lylah
Skyler,Holland
Dillon,Sevyn
Kellen,Rosalia
Jamaal,Zariyah
Zackary,Emberly
Zackery,Remy
Kody,Zahra
Ryne,Karsyn
Colt,Malaysia
Jordon,Kensley
Jessica,Lennox
Ashton,Hadassah
Kiel,Noah
Jairo,Azariah
Bryson,Journi
Durell,Amaia
Keegan,Elliott
Chaz,Keilani
Demario,Freyja
Conor,Sloan
Jovan,Analia
Kaleb,Dior
Lukas,Aliana
Brody,Ezra
Davon,Adley
Cale,Capri
Nikolas,Mckinley
Cristian,Romina
Connor,Milan
Coty,Khaleesi
Brandan,Murphy
Jace,Ellianna
Skylar,Adalee
Amir,Dani
Colton,Marceline
Akeem,Coraline
Tyrel,Iyla
Jarrell,Vienna
Mohammad,Zendaya
Devan,Persephone
Bo,Elodie
Javon,Scout
Cassidy,Novah
Durrell,Ellis
Griffin,Charley
Brenden,Jemma
Amanda,Amayah
Mohammed,Miley
Taurean,Leilany
Cortney,Jenesis
Tucker,Malaya
Jaron,Marleigh
Nestor,Wrenlee
Grayson,Zaylee
Cristopher,Bellamy
Keon,Liv
Jedidiah,Sariyah
Estevan,Jovie
Dontae,Amoura
Ahmed,Emmie
Channing,Henley
Lazaro,Arlet
Chandler,Aviana
Britton,Naya
Martell,Aya
Mohamed,Waverly
Amit,Brynleigh
Rashawn,Love
Jaymes,Clover
Justen,Ocean
Cooper,Alisson
Dakota,Treasure
Garett,Jaylani
Keaton,Milana
Marquise,Halo
Samson,Taytum
Schuyler,Andi
Johathan,Milena
Pierce,Noor
Ulises,Kataleya
Brandyn,Kimber
Danielle,Jream
Tylor,Marlowe
Mackenzie,Promise
Cade,Zoya
Jermey,Elliot
Jerrad,Kai
Nicholaus,Aila
Sarah,Mercy
Braxton,Rayne
Cullen,Rivka
Muhammad,Arlette
Darrius,Nala
Deonte,Kinslee
Justine,Aspyn
Kai,Baylor
Tremaine,Zaniyah
Brandin,Novalee
Donavan,Stormi
Samir,Berkley
Eliot,Ensley
Jedediah,Harmoni
Ramsey,Marigold
Isaias,Zayla
Uriel,Ayleen
Asher,Sol
Terell,Malayah
Westley,Zhuri
Brandt,Kamiyah
Kale,Giuliana
Baby,Elina
Dandre,Hadlee
Kolby,Itzayana
Juston,Jianna
Deven,Denver
Jessy,August
Joshuah,Royal
Jarret,Braelyn
Jory,Yamileth
Martez,Avayah
Rayshawn,Amiri
Christina,Elowyn
Dangelo,Emmalyn
Derrek,Harlee
Travon,Kamari
Alain,Khalani
Deshaun,Whitley
Hayden,Karter
Gage,Araya
Conner,Aubrielle
Jalen,Bexley
Khalil,Saoirse
Bailey,Artemis
Aidan,Averi
Devonte,Emberlynn
Kyler,Sapphire
Trevon,Shay
Tevin,Guinevere
Devante,Lilyana
Kameron,Tinsley
Tristen,Zainab
Daquan,Laylah
Justice,Layne
Jakob,Scottie
Deion,Rosalina
Corbin,Kairi
Denzel,Nyomi
Austen,Aubriella
Jaquan,Elia
Shaquille,Nori
Peyton,Jaylah
Brayden,Maddie
Sawyer,Avah
Payton,Addilynn
Jaylen,Laylani
Colten,Tru
Triston,Alianna
Malachi,Meilani
Keanu,Nathalia
Addison,Avalynn
Tre,Egypt
Jaden,Scarlette
Gunnar,Alaiya
Adonis,Hadleigh
Dashawn,Inaya
Raekwon,Keily
Darion,Lakelynn
Holden,Nyra
Tristin,Rowyn
Ezequiel,Belle
Kade,Saanvi
Kolton,Xyla
Maximilian,Aadhya
River,Indigo
Dillan,Lakelyn
Madison,Emmeline
Kaden,Kamilah
Kahlil,Maisy
Devyn,Rylan
Kieran,Soleil
Ladarius,Ainhoa
Reece,Neriah
Kane,Emiliana
Dimitri,Cielo
Sage,Kahlani